<?xml version="1.0" encoding="UTF-8"?>
<project-private xmlns="http://www.netbeans.org/ns/project-private/1">
    <editor-bookmarks xmlns="http://www.netbeans.org/ns/editor-bookmarks/2" lastBookmarkId="0"/>
    <open-files xmlns="http://www.netbeans.org/ns/projectui-open-files/2">
        <group>
            <file>file:/C:/Users/lenovo/Desktop/ULIMA/INGENIERIA%20DE%20SOFTWARE%20II/atencionPostulante/web/datosPersonales.html</file>
            <file>file:/C:/Users/lenovo/Desktop/ULIMA/INGENIERIA%20DE%20SOFTWARE%20II/atencionPostulante/src/java/atencion/servlets/servletLogin.java</file>
            <file>file:/C:/Users/lenovo/Desktop/ULIMA/INGENIERIA%20DE%20SOFTWARE%20II/atencionPostulante/web/login.jsp</file>
            <file>file:/C:/Users/lenovo/Desktop/ULIMA/INGENIERIA%20DE%20SOFTWARE%20II/atencionPostulante/src/java/atencion/DAO/ServiceDAO.java</file>
            <file>file:/C:/Users/lenovo/Desktop/ULIMA/INGENIERIA%20DE%20SOFTWARE%20II/atencionPostulante/src/java/atencion/Conexion/Conexion.java</file>
            <file>file:/C:/Users/lenovo/Desktop/ULIMA/INGENIERIA%20DE%20SOFTWARE%20II/atencionPostulante/src/java/atencion/clases/Usuario.java</file>
        </group>
    </open-files>
</project-private>
